d0,d1
54620.0,43523.0
52694.0,42750.0
53253.0,43024.0
54925.0,42624.0
54973.0,43980.0
52967.0,42955.0
55143.0,40238.0
53071.0,44896.0
55710.0,44219.0
54459.0,43964.0
54467.0,44351.0
53570.0,41898.0
55155.0,43399.0
54051.0,41019.0
55335.0,44023.0
54449.0,42872.0
53399.0,42273.0
54241.0,43580.0
56000.0,41710.0
53204.0,42630.0
54524.0,42904.0
55665.0,44100.0
55829.0,40780.0
54059.0,42096.0
53106.0,42771.0
54427.0,43777.0
55368.0,41828.0
53927.0,45077.0
55278.0,44081.0
55909.0,41497.0
53344.0,42929.0
55095.0,42443.0
55645.0,43363.0
55718.0,43777.0
57115.0,44424.0
54963.0,44875.0
54483.0,43594.0
54543.0,44843.0
54263.0,39356.0
53992.0,42499.0
54729.0,40311.0
55013.0,44589.0
53332.0,43782.0
52627.0,41645.0
57103.0,40709.0
54352.0,42520.0
50478.0,42084.0
54849.0,41733.0
53055.0,42310.0
55191.0,42127.0
51936.0,41784.0
54594.0,44345.0
52164.0,42650.0
56302.0,42288.0
52913.0,44156.0
53697.0,46311.0
53582.0,40916.0
52993.0,40890.0
54222.0,43822.0
52221.0,43490.0
55062.0,44521.0
52460.0,42366.0
54341.0,45492.0
52195.0,42091.0
53141.0,41774.0
53476.0,41355.0
54256.0,44048.0
56036.0,42102.0
54916.0,42689.0
53420.0,44299.0
54924.0,42079.0
56208.0,41204.0
53855.0,42912.0
55078.0,42668.0
52975.0,43407.0
52526.0,43275.0
56191.0,42928.0
56569.0,44022.0
53730.0,42300.0
56749.0,45529.0
55281.0,42586.0
56338.0,39718.0
52456.0,43210.0
55388.0,42905.0
55983.0,42644.0
54325.0,45723.0
52346.0,41845.0
52745.0,42741.0
54393.0,42416.0
53106.0,42336.0
56285.0,41221.0
54064.0,41409.0
53703.0,44027.0
54179.0,45588.0
55395.0,42014.0
53023.0,46128.0
56830.0,40997.0
57981.0,42287.0
52898.0,41098.0
54307.0,42992.0
55303.0,44416.0
52517.0,43287.0
53727.0,41735.0
55346.0,40987.0
53531.0,43995.0
54225.0,40013.0
54111.0,43711.0
55977.0,44177.0
55227.0,44206.0
52351.0,45876.0
49952.0,42514.0
55911.0,44667.0
55825.0,42139.0
53832.0,43983.0
54353.0,42453.0
50548.0,44199.0
54329.0,44001.0
54691.0,42918.0
54026.0,42248.0
54140.0,42328.0
54032.0,42111.0
54556.0,42397.0
55092.0,43404.0
54417.0,42391.0
57398.0,41217.0
55169.0,42237.0
53973.0,44112.0
53795.0,43670.0
52409.0,41340.0
51167.0,45741.0
56804.0,43627.0
56299.0,42413.0
55062.0,43027.0
54716.0,43766.0
54943.0,41966.0
57196.0,43284.0
54033.0,40367.0
56416.0,42968.0
56087.0,43599.0
54414.0,44613.0
52304.0,42213.0
57416.0,43226.0
54876.0,42500.0
52495.0,41064.0
54272.0,43145.0
55984.0,40501.0
53322.0,41799.0
55053.0,43347.0
54308.0,42602.0
54091.0,44335.0
50545.0,49343.0
50711.0,50227.0
49983.0,48300.0
51327.0,46829.0
53980.0,49207.0
52846.0,50052.0
51816.0,47204.0
51421.0,49806.0
49762.0,47210.0
51564.0,50111.0
51541.0,48433.0
54602.0,50309.0
51116.0,48104.0
53307.0,51015.0
51683.0,49283.0
51485.0,48750.0
52477.0,50139.0
52872.0,50375.0
54275.0,48580.0
51460.0,49224.0
52073.0,50583.0
50778.0,50832.0
52994.0,49958.0
52103.0,49204.0
51076.0,50440.0
49868.0,50597.0
51122.0,48724.0
53609.0,48195.0
50862.0,48277.0
50697.0,47557.0
52531.0,50046.0
51759.0,49073.0
50162.0,50113.0
51046.0,51417.0
52256.0,47563.0
54748.0,47435.0
51069.0,50726.0
53561.0,46928.0
50745.0,51221.0
51125.0,52196.0
49630.0,48514.0
53771.0,49411.0
50498.0,50993.0
52768.0,50430.0
51476.0,50875.0
50128.0,50117.0
49685.0,48605.0
49164.0,46821.0
51674.0,48858.0
50230.0,49055.0
53145.0,48166.0
50617.0,48690.0
53365.0,47853.0
53322.0,49129.0
52899.0,49148.0
53498.0,48141.0
50423.0,47832.0
51377.0,48123.0
50843.0,49836.0
51344.0,48631.0
52620.0,47208.0
53300.0,49981.0
53300.0,50101.0
51333.0,48502.0
52533.0,48519.0
49164.0,49656.0
52172.0,50246.0
52323.0,49316.0
49154.0,48565.0
50651.0,49838.0
50835.0,50099.0
53742.0,49907.0
50691.0,50499.0
51354.0,46853.0
50952.0,49346.0
52105.0,49253.0
52045.0,48784.0
51808.0,47875.0
51536.0,50378.0
52080.0,46732.0
51189.0,50434.0
51798.0,48228.0
51985.0,49754.0
53241.0,53420.0
52899.0,48633.0
54090.0,49415.0
51910.0,50787.0
51162.0,51612.0
52155.0,50267.0
49469.0,49205.0
51308.0,49630.0
50307.0,51082.0
50059.0,45731.0
50244.0,48477.0
48977.0,47710.0
48661.0,50836.0
51554.0,51790.0
51397.0,50323.0
52757.0,50130.0
52164.0,47191.0
51089.0,48855.0
52166.0,48385.0
52613.0,50446.0
51235.0,49140.0
50455.0,50713.0
52393.0,49486.0
51011.0,48580.0
51294.0,48648.0
52558.0,50207.0
53182.0,51978.0
53694.0,51985.0
50822.0,48480.0
50663.0,49713.0
49538.0,51625.0
53264.0,48831.0
51545.0,48362.0
51808.0,52179.0
53242.0,51473.0
49352.0,49577.0
51610.0,48965.0
48381.0,48106.0
48715.0,49479.0
50929.0,50250.0
50452.0,48945.0
52903.0,49650.0
52902.0,50105.0
50369.0,49615.0
51003.0,48693.0
51586.0,49170.0
52214.0,50324.0
51815.0,49375.0
50015.0,49385.0
49968.0,44951.0
51274.0,51159.0
50139.0,48240.0
51568.0,48212.0
52094.0,49427.0
53771.0,49868.0
52696.0,51309.0
51353.0,50271.0
52110.0,48679.0
53065.0,49559.0
51243.0,49471.0
49158.0,47569.0
51589.0,53212.0
50716.0,50226.0
52917.0,51056.0
52046.0,47422.0
50183.0,48147.0
49685.0,50701.0
59637.0,45811.0
60147.0,45082.0
60025.0,50540.0
62099.0,45862.0
62457.0,44344.0
60734.0,45976.0
61654.0,45375.0
62737.0,46856.0
59434.0,45767.0
61383.0,46454.0
59180.0,45359.0
62661.0,46734.0
61930.0,45278.0
61909.0,46072.0
63957.0,47753.0
62033.0,45635.0
58244.0,45992.0
61159.0,45013.0
61495.0,46965.0
62011.0,48870.0
59014.0,46813.0
59953.0,46852.0
61075.0,46380.0
59978.0,45921.0
63518.0,45366.0
60662.0,45183.0
61917.0,49590.0
58162.0,45461.0
58656.0,47841.0
60103.0,43554.0
61360.0,46709.0
61576.0,48371.0
59026.0,46292.0
61555.0,46519.0
63261.0,45819.0
61252.0,48636.0
60366.0,46199.0
59988.0,48268.0
62906.0,45197.0
59397.0,44267.0
61898.0,46911.0
62684.0,47619.0
62113.0,46253.0
61034.0,48519.0
60097.0,49612.0
59797.0,43693.0
61500.0,44023.0
58569.0,46086.0
62098.0,48364.0
60135.0,46592.0
63119.0,45688.0
61016.0,47793.0
60779.0,47519.0
61530.0,46159.0
62512.0,46476.0
59835.0,47222.0
59495.0,47409.0
58468.0,48906.0
57948.0,47995.0
59107.0,48912.0
61258.0,46064.0
59691.0,47572.0
59628.0,46865.0
60173.0,48289.0
61201.0,45635.0
62400.0,45584.0
59578.0,48612.0
61786.0,44837.0
60755.0,44937.0
61942.0,46526.0
61501.0,45670.0
59458.0,47430.0
60630.0,47285.0
59370.0,48566.0
59677.0,46828.0
62217.0,43734.0
59962.0,46140.0
59247.0,43976.0
62951.0,43581.0
64197.0,46477.0
58954.0,45292.0
62130.0,43638.0
61766.0,44822.0
61211.0,44484.0
62982.0,45314.0
60461.0,46738.0
61434.0,46270.0
60185.0,48738.0
60602.0,44756.0
62991.0,49882.0
60817.0,46350.0
59524.0,46701.0
61589.0,48446.0
63760.0,44658.0
62292.0,48885.0
63074.0,47510.0
60573.0,45064.0
62195.0,46716.0
58990.0,47402.0
58730.0,46167.0
61872.0,46473.0
62583.0,48197.0
63311.0,44483.0
61267.0,46010.0
59364.0,48273.0
61827.0,44599.0
58938.0,46819.0
60129.0,46161.0
56623.0,47837.0
60470.0,45222.0
61691.0,45495.0
60109.0,43495.0
58717.0,46859.0
58565.0,46331.0
60601.0,47937.0
62566.0,49149.0
61903.0,46451.0
61782.0,47084.0
61954.0,45907.0
62345.0,47091.0
58264.0,45640.0
61303.0,48326.0
58773.0,43499.0
63086.0,47075.0
63081.0,47684.0
60204.0,46955.0
60597.0,46399.0
59077.0,48115.0
61768.0,44391.0
58976.0,45060.0
60989.0,47257.0
61190.0,47066.0
60972.0,46551.0
60077.0,44786.0
61432.0,46817.0
62600.0,45672.0
61396.0,48168.0
62082.0,46029.0
62480.0,45840.0
60049.0,45388.0
59918.0,48366.0
62084.0,45119.0
60707.0,46058.0
60634.0,45826.0
63489.0,44063.0
62451.0,48261.0
62426.0,44954.0
61782.0,49028.0
61595.0,47677.0
62779.0,47041.0
59953.0,50937.0
60526.0,53180.0
58802.0,53819.0
62297.0,52300.0
58604.0,54336.0
60766.0,55324.0
58238.0,51102.0
60125.0,49071.0
59177.0,52894.0
61205.0,52646.0
59620.0,53606.0
61566.0,53795.0
62010.0,50563.0
55811.0,52761.0
57938.0,52825.0
62783.0,52794.0
59198.0,52561.0
59786.0,51948.0
60902.0,55082.0
60679.0,50894.0
63223.0,53981.0
60586.0,48986.0
61159.0,54532.0
61033.0,52468.0
61475.0,53918.0
62169.0,51916.0
58904.0,53725.0
60531.0,53274.0
61442.0,51792.0
60235.0,52007.0
58915.0,50231.0
62109.0,50367.0
59971.0,53488.0
60369.0,52563.0
57329.0,51751.0
59933.0,56156.0
61775.0,53359.0
61599.0,53671.0
60106.0,49519.0
57978.0,52975.0
63057.0,51681.0
61776.0,51655.0
62364.0,50648.0
60327.0,51525.0
59857.0,53804.0
59856.0,50041.0
58313.0,52980.0
62549.0,54640.0
59146.0,54829.0
61469.0,51409.0
58371.0,50040.0
61314.0,51110.0
60548.0,53678.0
59922.0,52786.0
58762.0,51916.0
60854.0,52169.0
62313.0,53461.0
60787.0,51558.0
60948.0,49685.0
60644.0,51665.0
59095.0,50820.0
58808.0,52874.0
63244.0,53722.0
61129.0,52867.0
60730.0,52083.0
61190.0,54253.0
57940.0,53483.0
60793.0,50532.0
57987.0,50535.0
57316.0,51557.0
57344.0,53713.0
59345.0,53451.0
59309.0,53689.0
63148.0,54994.0
65535.0,51609.0
58432.0,52328.0
61739.0,52881.0
58769.0,54508.0
62146.0,50611.0
61353.0,52949.0
60249.0,52238.0
60703.0,52037.0
61407.0,52897.0
59622.0,51840.0
58297.0,53749.0
58234.0,52471.0
63457.0,52600.0
60443.0,53128.0
62485.0,51824.0
59626.0,52498.0
60245.0,51232.0
60088.0,51401.0
59466.0,51775.0
59673.0,50869.0
59396.0,54860.0
60024.0,50389.0
63143.0,53181.0
61364.0,52426.0
61272.0,52410.0
61352.0,50032.0
60794.0,53091.0
58644.0,54218.0
60576.0,51753.0
59434.0,52433.0
61099.0,50199.0
57111.0,51732.0
59385.0,51054.0
59626.0,52424.0
62053.0,52942.0
59411.0,54228.0
63256.0,53319.0
61799.0,52927.0
56783.0,52846.0
61232.0,53224.0
60221.0,52022.0
58815.0,54259.0
58336.0,53014.0
60820.0,53919.0
59816.0,53916.0
60946.0,53614.0
57803.0,50468.0
59045.0,52706.0
60617.0,51398.0
61019.0,51535.0
60753.0,50736.0
62592.0,54099.0
60868.0,51134.0
60597.0,51012.0
60201.0,52003.0
60152.0,49128.0
59566.0,53452.0
59703.0,52501.0
58933.0,53890.0
59898.0,51245.0
60079.0,53099.0
62063.0,51857.0
60308.0,51685.0
61447.0,51661.0
58543.0,53625.0
61593.0,51496.0
61290.0,54028.0
61105.0,49647.0
60231.0,53265.0
59558.0,52776.0
58402.0,52389.0
58134.0,51877.0
59040.0,54950.0
63162.0,53609.0
58718.0,49514.0
60396.0,52805.0
44040.0,46197.0
46006.0,46521.0
47260.0,47193.0
45600.0,46395.0
44324.0,44879.0
42732.0,45444.0
43609.0,46066.0
46021.0,44331.0
45527.0,42803.0
44401.0,45918.0
44023.0,46226.0
44772.0,46447.0
46125.0,45879.0
45451.0,47318.0
44081.0,47210.0
45840.0,49753.0
46384.0,44600.0
44279.0,43434.0
44882.0,47245.0
45818.0,44321.0
45019.0,45549.0
43897.0,46696.0
43524.0,46836.0
42508.0,47345.0
45015.0,46110.0
45356.0,44834.0
45010.0,47987.0
43712.0,46227.0
46179.0,46421.0
45360.0,46378.0
44163.0,47526.0
46904.0,46553.0
42409.0,44578.0
43905.0,45300.0
42749.0,45475.0
44698.0,44129.0
43280.0,46617.0
45574.0,47897.0
43851.0,47533.0
44478.0,46315.0
44520.0,46484.0
46371.0,47909.0
42904.0,44785.0
44901.0,44409.0
43361.0,48159.0
43714.0,43305.0
44492.0,45977.0
43671.0,47848.0
43629.0,46252.0
45612.0,47971.0
44877.0,48055.0
44762.0,46708.0
46340.0,45960.0
42187.0,44860.0
42896.0,46268.0
44691.0,46276.0
42616.0,48423.0
44100.0,44734.0
45893.0,47567.0
45486.0,44940.0
46071.0,50218.0
46857.0,48357.0
46050.0,46610.0
44886.0,47155.0
45351.0,45046.0
44677.0,47921.0
45206.0,46504.0
44977.0,46050.0
46042.0,47659.0
44793.0,47895.0
45298.0,46876.0
42300.0,46449.0
45015.0,44653.0
46676.0,46171.0
45440.0,45988.0
46055.0,47085.0
44201.0,48116.0
45308.0,45173.0
46229.0,46865.0
45738.0,46899.0
43439.0,43985.0
42348.0,46774.0
45146.0,47690.0
46211.0,44206.0
44565.0,44177.0
46191.0,48317.0
45909.0,45961.0
44577.0,46345.0
46157.0,45612.0
41927.0,48543.0
45309.0,46374.0
46051.0,45145.0
41508.0,47088.0
44238.0,45158.0
45806.0,46785.0
45230.0,47186.0
42223.0,47000.0
44108.0,46834.0
46761.0,47183.0
45727.0,44795.0
45234.0,46110.0
46226.0,45384.0
44460.0,46396.0
46924.0,47066.0
44201.0,46722.0
45562.0,47033.0
43711.0,47308.0
46969.0,46954.0
46080.0,45768.0
43869.0,48571.0
45755.0,46024.0
44704.0,46111.0
45754.0,46817.0
44916.0,46930.0
45205.0,44698.0
45636.0,41946.0
43794.0,43368.0
42990.0,47111.0
44324.0,47646.0
46585.0,48285.0
43138.0,47056.0
44109.0,47298.0
42078.0,45102.0
44719.0,47108.0
43690.0,44669.0
43682.0,47550.0
45997.0,46437.0
45652.0,46746.0
45705.0,47041.0
45374.0,46355.0
45536.0,44653.0
45595.0,47049.0
44325.0,46733.0
46511.0,47373.0
44717.0,47856.0
45786.0,46580.0
41089.0,45626.0
41851.0,44047.0
47162.0,47068.0
46773.0,44941.0
45806.0,45282.0
43274.0,47372.0
42182.0,45481.0
43583.0,47308.0
44362.0,45655.0
43611.0,45959.0
42283.0,44263.0
48266.0,45184.0
45821.0,47089.0
47332.0,45389.0
37900.0,43700.0
38172.0,42792.0
38870.0,44459.0
36702.0,45802.0
39220.0,45233.0
39240.0,45636.0
38915.0,45632.0
37496.0,46121.0
37626.0,43520.0
36859.0,42832.0
36497.0,45576.0
37937.0,43875.0
37414.0,45176.0
39339.0,45642.0
38768.0,44701.0
41073.0,43678.0
35880.0,44226.0
37556.0,45014.0
39028.0,46813.0
39129.0,45517.0
39139.0,43725.0
39846.0,44359.0
38946.0,42243.0
37889.0,42985.0
37202.0,42594.0
39657.0,46012.0
40225.0,43669.0
39702.0,45456.0
36022.0,44378.0
39149.0,44151.0
38749.0,44262.0
36524.0,45489.0
39630.0,45246.0
38678.0,43050.0
38805.0,43472.0
36611.0,46457.0
40358.0,44017.0
42141.0,45706.0
36701.0,43206.0
37160.0,42132.0
39036.0,46009.0
38631.0,43541.0
39553.0,42753.0
38443.0,45629.0
35876.0,43700.0
37021.0,42818.0
41819.0,44466.0
40028.0,44930.0
37346.0,45508.0
38863.0,44153.0
38508.0,42962.0
37264.0,47422.0
38967.0,44890.0
37439.0,44820.0
37270.0,43745.0
38396.0,44576.0
38385.0,42809.0
38104.0,44902.0
36294.0,42107.0
36196.0,48017.0
37836.0,43781.0
38015.0,47510.0
36982.0,42306.0
34913.0,45567.0
35954.0,45537.0
37321.0,45452.0
38878.0,44922.0
36692.0,43157.0
39976.0,45731.0
36945.0,43736.0
39339.0,47635.0
37645.0,43455.0
39633.0,45001.0
36611.0,43308.0
34906.0,46250.0
38611.0,43370.0
41704.0,45883.0
39621.0,43859.0
38077.0,43794.0
40492.0,47761.0
34702.0,44962.0
37823.0,45829.0
36125.0,46077.0
39395.0,47560.0
37207.0,41740.0
37616.0,47074.0
40281.0,44811.0
38038.0,48847.0
39125.0,42626.0
36602.0,45948.0
38478.0,45047.0
37382.0,44795.0
34334.0,42680.0
36768.0,41959.0
37938.0,45945.0
35861.0,45653.0
38094.0,44260.0
37969.0,44116.0
36962.0,45354.0
36490.0,44675.0
38348.0,45436.0
40941.0,43844.0
36794.0,42112.0
37542.0,46600.0
37933.0,46235.0
41131.0,42932.0
38015.0,46380.0
36468.0,45109.0
35208.0,47795.0
38449.0,43572.0
39124.0,42972.0
35984.0,42959.0
40255.0,44800.0
37430.0,41616.0
36451.0,44885.0
38267.0,44239.0
38653.0,43402.0
39128.0,42928.0
40318.0,44621.0
39291.0,43282.0
36671.0,44622.0
37140.0,44018.0
36271.0,44809.0
38421.0,44847.0
37125.0,44254.0
41955.0,45767.0
37094.0,44119.0
37694.0,42646.0
38965.0,45780.0
37904.0,44387.0
39379.0,44164.0
36780.0,43453.0
38535.0,43780.0
38827.0,45565.0
37760.0,44128.0
37103.0,46501.0
36567.0,45438.0
39429.0,44771.0
38365.0,45290.0
37201.0,46980.0
38197.0,42246.0
38657.0,45536.0
37755.0,43877.0
37701.0,44638.0
40228.0,46360.0
35969.0,44284.0
36903.0,42584.0
38661.0,44045.0
38646.0,42669.0
37416.0,45799.0
36035.0,49446.0
38117.0,50251.0
36690.0,49591.0
34794.0,50227.0
37120.0,50499.0
35693.0,52595.0
34424.0,50941.0
35866.0,51091.0
37703.0,52241.0
34587.0,49905.0
33678.0,52163.0
36568.0,52539.0
35268.0,51811.0
38729.0,49255.0
36501.0,48967.0
34736.0,48182.0
33096.0,50259.0
37830.0,51496.0
35451.0,47900.0
35724.0,51642.0
36425.0,52080.0
35938.0,51733.0
38012.0,50808.0
33453.0,50485.0
36714.0,49251.0
37741.0,49565.0
37294.0,50769.0
37509.0,49964.0
34605.0,51599.0
35289.0,50416.0
38044.0,50643.0
37268.0,53110.0
36656.0,50566.0
36229.0,52718.0
35130.0,50291.0
36510.0,50240.0
36021.0,48965.0
36001.0,50147.0
38506.0,49918.0
38123.0,52510.0
35792.0,48033.0
38875.0,51578.0
36128.0,48920.0
33825.0,51800.0
38347.0,52233.0
33348.0,49892.0
36163.0,53031.0
38329.0,47862.0
36978.0,48153.0
37327.0,51814.0
35640.0,50947.0
38899.0,50810.0
35153.0,49820.0
37773.0,51076.0
35854.0,49904.0
36557.0,48528.0
39462.0,50878.0
35609.0,51438.0
36400.0,49928.0
39355.0,49950.0
35678.0,48944.0
36240.0,50203.0
37851.0,50911.0
35529.0,48483.0
34856.0,50507.0
34555.0,47854.0
37617.0,51514.0
35288.0,52498.0
37102.0,50697.0
36117.0,50939.0
36195.0,51606.0
37334.0,49489.0
36894.0,47891.0
36510.0,50444.0
35679.0,51251.0
34039.0,48581.0
35416.0,50433.0
35292.0,47507.0
35473.0,49117.0
36805.0,51837.0
34907.0,49407.0
38576.0,50876.0
36911.0,52330.0
34151.0,50380.0
35994.0,50817.0
35873.0,50003.0
36406.0,50463.0
36711.0,51816.0
36773.0,50930.0
36847.0,53455.0
37462.0,52043.0
37317.0,49835.0
36221.0,54174.0
34893.0,50011.0
37153.0,52163.0
34999.0,50316.0
38215.0,53643.0
36818.0,50538.0
34119.0,52062.0
36099.0,51107.0
34017.0,50315.0
34972.0,50553.0
33611.0,50666.0
33361.0,48121.0
38446.0,48060.0
34622.0,51962.0
31946.0,51702.0
34976.0,51227.0
34143.0,49934.0
35518.0,50270.0
36539.0,51996.0
34748.0,51075.0
35055.0,51610.0
37740.0,50009.0
38157.0,49848.0
37775.0,49692.0
36319.0,52029.0
36552.0,51655.0
32979.0,50394.0
34994.0,52092.0
37047.0,48811.0
36847.0,53569.0
34617.0,52089.0
37507.0,50353.0
32954.0,50861.0
36008.0,48930.0
38371.0,51242.0
34908.0,50703.0
37348.0,49716.0
35338.0,51900.0
36979.0,51524.0
35275.0,50848.0
37365.0,52976.0
36288.0,52087.0
35328.0,53446.0
34733.0,51912.0
35553.0,51517.0
38070.0,53037.0
35152.0,50692.0
37005.0,51257.0
36522.0,50164.0
37810.0,48108.0
36619.0,46682.0
35912.0,49827.0
38795.0,48442.0
34981.0,48664.0
36403.0,48903.0
34507.0,47459.0
37485.0,51322.0
38515.0,50074.0
31066.0,46469.0
30611.0,46226.0
29328.0,44467.0
29589.0,46786.0
30863.0,47267.0
32118.0,43011.0
33642.0,48588.0
29513.0,44633.0
28483.0,46037.0
30420.0,42435.0
31130.0,46909.0
29934.0,47200.0
32303.0,47345.0
30906.0,47311.0
29581.0,44268.0
28832.0,44831.0
29906.0,47016.0
31073.0,46483.0
30198.0,47951.0
31032.0,45152.0
32141.0,43787.0
27818.0,46878.0
30370.0,43579.0
30879.0,41734.0
31448.0,44717.0
33078.0,44208.0
30581.0,46960.0
32202.0,47711.0
31905.0,46820.0
36071.0,44535.0
28440.0,44810.0
31170.0,46097.0
32193.0,45876.0
34126.0,46746.0
31067.0,45079.0
31167.0,47656.0
33790.0,46438.0
30561.0,46264.0
31109.0,44892.0
33014.0,45886.0
32463.0,45301.0
30997.0,45889.0
30534.0,46102.0
29735.0,48055.0
28512.0,45840.0
32901.0,45871.0
31926.0,45424.0
32819.0,47173.0
31542.0,45614.0
30793.0,42766.0
30764.0,43714.0
31793.0,46337.0
31657.0,46117.0
30537.0,43629.0
32209.0,47167.0
32744.0,43999.0
29246.0,46479.0
29476.0,43739.0
30758.0,41842.0
30553.0,47040.0
31802.0,47476.0
29976.0,46087.0
30957.0,47930.0
32118.0,46390.0
30694.0,44466.0
30439.0,47075.0
31920.0,46382.0
31778.0,47518.0
29259.0,45342.0
30472.0,44653.0
32252.0,46230.0
31852.0,45306.0
32198.0,46699.0
31370.0,45222.0
32264.0,46894.0
32335.0,45997.0
31154.0,45908.0
28736.0,40792.0
29679.0,46301.0
32210.0,46786.0
31213.0,43528.0
31291.0,44107.0
31127.0,47321.0
28118.0,44775.0
31119.0,46055.0
29705.0,47057.0
31624.0,45467.0
30790.0,47566.0
31604.0,46454.0
30100.0,45879.0
29919.0,45857.0
30801.0,44512.0
33008.0,44407.0
32062.0,45990.0
29052.0,45808.0
30659.0,44846.0
30026.0,45682.0
30627.0,44454.0
30382.0,43613.0
31871.0,44973.0
32139.0,46892.0
30578.0,44542.0
29043.0,45436.0
32211.0,48405.0
30016.0,44487.0
31178.0,44394.0
30522.0,46566.0
32049.0,47819.0
29855.0,45626.0
31054.0,44541.0
29608.0,45031.0
29612.0,45840.0
31350.0,44748.0
30806.0,45234.0
33610.0,44086.0
33021.0,43481.0
31152.0,46517.0
29368.0,46709.0
30888.0,45683.0
33108.0,45964.0
34179.0,48012.0
29599.0,44203.0
28615.0,47158.0
31622.0,45004.0
30047.0,45342.0
31991.0,44255.0
31144.0,43395.0
29855.0,45069.0
29912.0,46430.0
30220.0,45595.0
29812.0,46044.0
29899.0,45748.0
34751.0,49387.0
30128.0,45204.0
30635.0,43889.0
30294.0,45296.0
31764.0,46849.0
34639.0,46169.0
30302.0,47776.0
30371.0,45565.0
31911.0,45528.0
29707.0,44749.0
31573.0,45804.0
30257.0,45725.0
31476.0,44300.0
28961.0,43127.0
30635.0,45556.0
31375.0,45645.0
31662.0,45383.0
30947.0,43537.0
23842.0,44933.0
25896.0,45359.0
21800.0,47934.0
24542.0,44728.0
23441.0,45886.0
24535.0,44138.0
24486.0,43549.0
25819.0,45207.0
24646.0,45406.0
24392.0,46261.0
25166.0,45053.0
22211.0,45191.0
20458.0,45329.0
24316.0,45453.0
21958.0,45560.0
22184.0,44249.0
23144.0,45494.0
24266.0,44510.0
26221.0,45421.0
22912.0,46671.0
25740.0,44473.0
23877.0,45909.0
23609.0,46656.0
23433.0,45945.0
22387.0,47332.0
22050.0,45954.0
21444.0,46964.0
22051.0,44212.0
23554.0,45863.0
24929.0,43868.0
22096.0,47233.0
23462.0,44483.0
25301.0,46117.0
22168.0,46142.0
23939.0,46011.0
24675.0,45135.0
23107.0,46354.0
20963.0,45739.0
22876.0,45874.0
23487.0,42557.0
22163.0,45795.0
23404.0,44335.0
21221.0,44474.0
22638.0,45554.0
21615.0,48163.0
20714.0,45805.0
23688.0,45829.0
23515.0,46366.0
23692.0,44325.0
24567.0,43379.0
24343.0,46878.0
23272.0,45633.0
21255.0,44721.0
22392.0,47698.0
22575.0,45576.0
23378.0,45780.0
21147.0,44235.0
23016.0,45266.0
21108.0,45235.0
23136.0,46375.0
23584.0,44797.0
24890.0,43027.0
24311.0,41002.0
24738.0,44640.0
26216.0,43410.0
23658.0,45171.0
23855.0,45931.0
22615.0,45157.0
23820.0,44976.0
23767.0,43141.0
21854.0,45512.0
20838.0,46554.0
25822.0,48220.0
21171.0,46906.0
23376.0,45082.0
24788.0,44771.0
24522.0,45861.0
25495.0,42792.0
23958.0,44468.0
23825.0,46811.0
24527.0,46626.0
23835.0,46847.0
22937.0,43548.0
21657.0,45779.0
24273.0,42879.0
26228.0,46553.0
23338.0,46902.0
24477.0,43061.0
24736.0,45066.0
22976.0,47248.0
23230.0,46643.0
23589.0,42521.0
22285.0,45629.0
26468.0,45504.0
21561.0,44237.0
22250.0,45658.0
23906.0,45475.0
23754.0,47759.0
23594.0,45950.0
24330.0,45763.0
25198.0,46841.0
24438.0,45278.0
22378.0,42929.0
25044.0,44899.0
22934.0,45175.0
24259.0,43678.0
24947.0,45212.0
23737.0,44771.0
24847.0,44152.0
23038.0,45476.0
23277.0,44688.0
20307.0,46589.0
20494.0,45315.0
25807.0,47714.0
22166.0,45254.0
25532.0,46572.0
27376.0,45995.0
22506.0,43691.0
24987.0,44077.0
22999.0,46007.0
22034.0,44197.0
20914.0,44091.0
25535.0,46274.0
23288.0,45258.0
22341.0,46998.0
23954.0,47601.0
21368.0,45917.0
23746.0,45135.0
25316.0,46217.0
22485.0,48161.0
24868.0,46549.0
23674.0,43785.0
22995.0,44707.0
27463.0,46986.0
25679.0,47098.0
21579.0,45924.0
21055.0,45837.0
26609.0,47476.0
24628.0,45035.0
24355.0,48292.0
24966.0,43815.0
23763.0,44750.0
20485.0,46394.0
23524.0,46587.0
23628.0,44730.0
25693.0,46232.0
25345.0,45149.0
22546.0,43351.0
24514.0,48478.0
22225.0,44140.0
56907.0,37079.0
60236.0,35088.0
58110.0,38682.0
59019.0,39748.0
55932.0,35163.0
57632.0,37220.0
56429.0,35600.0
59796.0,34874.0
51782.0,34639.0
54794.0,34578.0
55615.0,36243.0
57356.0,40144.0
58457.0,37432.0
58770.0,33452.0
58965.0,33085.0
55470.0,35116.0
56993.0,32158.0
58047.0,36416.0
54381.0,36820.0
57391.0,35246.0
56730.0,35577.0
52492.0,35399.0
54286.0,34827.0
55842.0,36136.0
56678.0,35623.0
56690.0,36823.0
57832.0,36316.0
56688.0,36583.0
58706.0,36418.0
55517.0,34972.0
56809.0,36297.0
55983.0,38451.0
57652.0,35563.0
56680.0,34674.0
55269.0,35481.0
56805.0,36159.0
57312.0,35967.0
55628.0,34757.0
58214.0,37687.0
57022.0,36838.0
56611.0,34057.0
55580.0,34586.0
58427.0,32683.0
55448.0,37197.0
56636.0,35529.0
53222.0,36200.0
56396.0,37255.0
57306.0,37084.0
57593.0,37299.0
57370.0,36555.0
55510.0,35439.0
56813.0,35086.0
58070.0,35178.0
57381.0,34383.0
57335.0,32064.0
57649.0,35291.0
55892.0,36852.0
56074.0,35582.0
57906.0,33048.0
55366.0,35650.0
56413.0,36418.0
56941.0,38327.0
57154.0,33712.0
57750.0,36800.0
57857.0,36922.0
56143.0,35658.0
55338.0,35743.0
56441.0,35275.0
56414.0,37396.0
59486.0,32151.0
58706.0,36533.0
52659.0,34777.0
59404.0,32845.0
56922.0,35768.0
57726.0,35998.0
57200.0,36580.0
57944.0,36151.0
56618.0,35436.0
59034.0,35201.0
57527.0,34254.0
55893.0,34795.0
59479.0,34096.0
56696.0,36827.0
58247.0,36777.0
57425.0,33591.0
55633.0,35639.0
58824.0,35451.0
56641.0,37864.0
56541.0,35719.0
58690.0,38619.0
57601.0,35635.0
57601.0,38899.0
55493.0,35034.0
56406.0,35362.0
54744.0,37285.0
56968.0,36170.0
56554.0,34309.0
57672.0,34909.0
56549.0,36908.0
54899.0,36989.0
58177.0,34610.0
52736.0,36955.0
57200.0,36282.0
56107.0,34721.0
56844.0,34985.0
59046.0,35909.0
58878.0,34978.0
55592.0,36014.0
57442.0,38090.0
55333.0,34329.0
55756.0,36134.0
57707.0,36517.0
56490.0,35034.0
55408.0,37045.0
55350.0,37801.0
57650.0,36971.0
57240.0,34898.0
56276.0,34870.0
56026.0,35279.0
55507.0,39069.0
59313.0,34984.0
59314.0,35053.0
55148.0,36561.0
55846.0,33030.0
58280.0,35077.0
57860.0,36410.0
53799.0,37256.0
56172.0,34623.0
56629.0,34903.0
57012.0,37189.0
61328.0,34539.0
58570.0,36942.0
55822.0,35934.0
58008.0,34512.0
56810.0,36292.0
57603.0,34029.0
59246.0,36194.0
53045.0,33476.0
58231.0,34186.0
53386.0,37554.0
54858.0,34270.0
54851.0,35170.0
56299.0,36158.0
55829.0,34669.0
57130.0,33622.0
57045.0,35018.0
55963.0,37150.0
57850.0,35626.0
57398.0,33876.0
57433.0,35084.0
57353.0,60000.0
58154.0,59780.0
59668.0,60897.0
58098.0,61604.0
60212.0,56867.0
58558.0,56754.0
57238.0,61962.0
57393.0,60130.0
60954.0,58518.0
59449.0,62121.0
58116.0,61273.0
56322.0,59335.0
57785.0,59295.0
60018.0,58622.0
58845.0,62613.0
58689.0,61640.0
57082.0,58629.0
56935.0,61044.0
58391.0,61517.0
60966.0,58270.0
60804.0,57443.0
60743.0,58206.0
59138.0,60401.0
59953.0,59003.0
60969.0,59822.0
57136.0,61329.0
57366.0,61945.0
56366.0,57724.0
58665.0,59932.0
60758.0,60881.0
57980.0,59322.0
59239.0,61982.0
57812.0,61923.0
59704.0,60580.0
61020.0,59430.0
59976.0,61896.0
60409.0,59802.0
59165.0,59687.0
57762.0,60304.0
58771.0,60580.0
57753.0,59203.0
57852.0,60171.0
59079.0,59352.0
56843.0,59151.0
60331.0,57240.0
57591.0,61596.0
57063.0,58649.0
56693.0,58774.0
57642.0,59436.0
58329.0,60180.0
59112.0,63187.0
57718.0,59894.0
56937.0,59156.0
57576.0,59542.0
58613.0,58762.0
60267.0,60706.0
57706.0,56481.0
59214.0,58361.0
61073.0,59807.0
57207.0,61078.0
58015.0,59153.0
58158.0,58562.0
55203.0,57018.0
58219.0,61499.0
57782.0,60002.0
55784.0,59163.0
59345.0,61352.0
59269.0,59992.0
56691.0,59491.0
59024.0,60718.0
59110.0,60648.0
58750.0,57843.0
59118.0,60039.0
57473.0,59889.0
57935.0,59287.0
58935.0,58666.0
58889.0,60334.0
60927.0,60647.0
59624.0,59604.0
58797.0,58377.0
58624.0,58748.0
58691.0,58145.0
60046.0,58263.0
59449.0,58883.0
56818.0,60227.0
60006.0,60524.0
59772.0,62508.0
57843.0,58840.0
59475.0,60281.0
57562.0,57847.0
57692.0,60874.0
59111.0,59739.0
55418.0,59726.0
57647.0,61654.0
57192.0,63091.0
56910.0,61194.0
60549.0,59383.0
58222.0,62395.0
59915.0,58433.0
59520.0,59618.0
58928.0,60595.0
59722.0,59830.0
61347.0,59432.0
61654.0,61450.0
56954.0,58817.0
56034.0,59874.0
60069.0,58113.0
58563.0,62792.0
59022.0,58759.0
56745.0,59632.0
58611.0,56944.0
58213.0,61124.0
59832.0,61819.0
57659.0,62508.0
58167.0,57737.0
56924.0,58052.0
59983.0,59647.0
60295.0,58226.0
59571.0,59704.0
59407.0,63359.0
61438.0,60731.0
58412.0,60555.0
59087.0,60200.0
59921.0,58297.0
62507.0,59886.0
56500.0,61376.0
60955.0,57896.0
58439.0,61605.0
56364.0,59088.0
56487.0,61747.0
59447.0,57392.0
57894.0,59036.0
57925.0,61583.0
61135.0,58271.0
59445.0,59658.0
59387.0,60014.0
58154.0,60283.0
55361.0,61450.0
59573.0,59358.0
60407.0,60339.0
57851.0,60497.0
56974.0,60278.0
58959.0,61260.0
58590.0,59525.0
56814.0,60167.0
56482.0,59948.0
59678.0,56732.0
56898.0,59377.0
61084.0,58521.0
60235.0,57996.0
35967.0,36673.0
33802.0,37020.0
34261.0,37067.0
37405.0,33958.0
36836.0,39256.0
37201.0,37141.0
33942.0,34583.0
36874.0,35950.0
36087.0,35914.0
35266.0,37658.0
35368.0,35938.0
37797.0,36278.0
38059.0,35143.0
37189.0,38589.0
39025.0,38317.0
39884.0,40043.0
34384.0,37619.0
35438.0,35961.0
35228.0,34409.0
36656.0,39035.0
34657.0,37807.0
34997.0,35538.0
34596.0,37163.0
36515.0,36356.0
36659.0,37772.0
37432.0,39281.0
35778.0,38273.0
35673.0,37211.0
35254.0,33638.0
36100.0,37456.0
38717.0,38000.0
37182.0,37411.0
35648.0,39129.0
35955.0,37847.0
36359.0,37310.0
35721.0,36229.0
36528.0,36061.0
39397.0,39374.0
36008.0,35818.0
34522.0,35773.0
35101.0,38142.0
36844.0,38976.0
36672.0,36938.0
36638.0,35819.0
35636.0,37443.0
36690.0,39754.0
35091.0,35641.0
36944.0,39148.0
35483.0,38084.0
33394.0,37319.0
35390.0,35563.0
37099.0,38588.0
38095.0,39196.0
36056.0,34964.0
35612.0,35819.0
34622.0,37604.0
33618.0,37049.0
37790.0,37999.0
39063.0,35717.0
36444.0,34614.0
37971.0,36374.0
32167.0,39987.0
36206.0,36422.0
36389.0,38939.0
36095.0,33268.0
37525.0,38632.0
33540.0,39200.0
35076.0,35331.0
35191.0,37667.0
33916.0,38665.0
36172.0,35806.0
36579.0,35985.0
37915.0,37571.0
35600.0,37619.0
32910.0,36355.0
35412.0,36473.0
36407.0,36157.0
36663.0,37415.0
34432.0,35853.0
36058.0,35597.0
34996.0,36782.0
38645.0,36855.0
35811.0,37422.0
34222.0,38934.0
36509.0,37087.0
34560.0,38446.0
36209.0,37346.0
34940.0,35990.0
35403.0,36688.0
32942.0,35010.0
35436.0,37366.0
37768.0,35501.0
34772.0,37566.0
37396.0,38924.0
37109.0,39039.0
36322.0,38482.0
36164.0,36125.0
35531.0,36570.0
37177.0,35936.0
35355.0,38390.0
38130.0,36011.0
36242.0,37643.0
37882.0,36742.0
36127.0,38450.0
35394.0,38220.0
34349.0,37125.0
34947.0,39400.0
33437.0,35442.0
34167.0,36965.0
36172.0,39484.0
37370.0,38669.0
37667.0,37350.0
36974.0,38282.0
35801.0,35541.0
35609.0,37194.0
36795.0,34454.0
34626.0,36266.0
35808.0,36376.0
33613.0,39794.0
37801.0,36929.0
38443.0,39283.0
33652.0,37501.0
35332.0,38247.0
37264.0,36885.0
35768.0,33850.0
33922.0,37009.0
33846.0,33297.0
33715.0,38111.0
34553.0,37161.0
36826.0,38107.0
35007.0,39211.0
36173.0,35498.0
36725.0,35697.0
36455.0,37227.0
35395.0,37619.0
34614.0,36595.0
35110.0,36198.0
34870.0,39058.0
35579.0,39250.0
36919.0,37870.0
35851.0,39142.0
38539.0,37485.0
35082.0,36246.0
32801.0,33333.0
35038.0,34405.0
35494.0,35663.0
37480.0,35672.0
35852.0,35216.0
36125.0,38191.0
36039.0,37098.0
36216.0,62182.0
37992.0,59534.0
36398.0,59165.0
33519.0,59516.0
37891.0,59892.0
37835.0,56856.0
36486.0,58780.0
36333.0,58448.0
35492.0,58360.0
39398.0,58165.0
36215.0,57623.0
36229.0,58559.0
35847.0,60401.0
33122.0,61567.0
36575.0,58483.0
38437.0,59774.0
36403.0,61703.0
36423.0,59073.0
35423.0,57630.0
36850.0,56751.0
33959.0,57663.0
36243.0,57771.0
37479.0,60292.0
39385.0,58486.0
35322.0,59148.0
35700.0,57384.0
36242.0,57635.0
36696.0,59198.0
34637.0,57665.0
34443.0,60316.0
37166.0,58232.0
39283.0,59107.0
36049.0,59576.0
34553.0,59382.0
40134.0,59872.0
33630.0,58312.0
35047.0,60446.0
36709.0,56868.0
37404.0,56050.0
37599.0,57510.0
36454.0,59424.0
38035.0,58873.0
36308.0,60312.0
38558.0,56670.0
36529.0,58009.0
32534.0,60827.0
35346.0,58988.0
34712.0,57869.0
35561.0,59193.0
35534.0,60214.0
37053.0,57010.0
38314.0,58604.0
38318.0,60919.0
38027.0,59660.0
35355.0,60826.0
35436.0,59180.0
35727.0,58236.0
39398.0,60099.0
37269.0,57920.0
36889.0,59486.0
37566.0,59456.0
39104.0,58213.0
32504.0,60521.0
35603.0,58464.0
33987.0,58301.0
38181.0,57802.0
33486.0,56845.0
36799.0,61300.0
36246.0,57201.0
33218.0,58279.0
35125.0,58821.0
36219.0,58974.0
37589.0,58770.0
40243.0,57661.0
35361.0,62227.0
38232.0,59464.0
35237.0,58902.0
35398.0,58700.0
37988.0,59312.0
35644.0,59384.0
38422.0,59220.0
37090.0,59149.0
38945.0,59787.0
34996.0,58737.0
34596.0,59765.0
36992.0,56453.0
33822.0,59036.0
35211.0,58983.0
36283.0,59567.0
38990.0,58154.0
37488.0,61935.0
35445.0,59206.0
37798.0,56597.0
35170.0,59819.0
33624.0,58303.0
35462.0,61614.0
34945.0,57757.0
38089.0,56389.0
37372.0,57669.0
39872.0,58481.0
36960.0,58594.0
35192.0,61069.0
37556.0,56733.0
37083.0,57931.0
36878.0,61006.0
37226.0,57241.0
38515.0,58026.0
34289.0,56684.0
35741.0,57634.0
37745.0,57622.0
36805.0,60016.0
34914.0,58404.0
38566.0,59390.0
36967.0,58135.0
36433.0,57684.0
34796.0,60094.0
36645.0,58435.0
36421.0,57942.0
36037.0,57311.0
35578.0,57692.0
33356.0,61093.0
33015.0,57987.0
36045.0,57448.0
33606.0,59280.0
37937.0,56751.0
35457.0,58671.0
37360.0,59696.0
35066.0,57896.0
36783.0,59577.0
34208.0,56715.0
36846.0,60935.0
35141.0,60571.0
36861.0,59309.0
34573.0,59067.0
38523.0,59697.0
35104.0,58388.0
36442.0,57756.0
36551.0,60388.0
35711.0,57926.0
36064.0,60505.0
38706.0,57037.0
36216.0,57898.0
39611.0,56741.0
35988.0,58251.0
37263.0,57129.0
37094.0,59676.0
35217.0,59875.0
36483.0,57847.0
34924.0,58072.0
37060.0,58762.0
30908.0,61364.0
29802.0,58114.0
30571.0,60758.0
34779.0,62221.0
30304.0,61141.0
30877.0,60859.0
30681.0,62149.0
31259.0,62320.0
30567.0,62523.0
28728.0,61702.0
32333.0,61933.0
29047.0,58154.0
31463.0,61149.0
30898.0,60616.0
28229.0,59101.0
33697.0,58534.0
29758.0,63528.0
30280.0,62465.0
32349.0,61066.0
32134.0,61037.0
30612.0,61541.0
33233.0,62021.0
29987.0,61369.0
29079.0,60255.0
29589.0,60622.0
28995.0,58890.0
31627.0,61188.0
29272.0,59183.0
28392.0,61346.0
31204.0,59112.0
30174.0,60328.0
31578.0,60296.0
29445.0,64978.0
31977.0,59480.0
31182.0,60250.0
30648.0,60178.0
30532.0,61950.0
31720.0,61379.0
32583.0,61093.0
30050.0,60218.0
31627.0,61090.0
31236.0,60424.0
28553.0,62002.0
30375.0,62924.0
31573.0,60997.0
27505.0,58926.0
30061.0,61246.0
32649.0,59545.0
27696.0,59838.0
30506.0,59686.0
32074.0,61939.0
28616.0,59416.0
29085.0,60541.0
30515.0,60969.0
33532.0,59075.0
28578.0,63180.0
31643.0,60477.0
28729.0,63139.0
31112.0,61673.0
32361.0,59991.0
32426.0,59919.0
31204.0,58913.0
29626.0,60190.0
30075.0,59907.0
32218.0,62122.0
30740.0,62257.0
28555.0,61394.0
31318.0,58248.0
29618.0,60724.0
32557.0,61120.0
31530.0,59440.0
32126.0,60135.0
29801.0,61182.0
29148.0,58130.0
26807.0,61319.0
31413.0,60511.0
30647.0,61432.0
30619.0,60514.0
31284.0,61697.0
31312.0,60742.0
33387.0,61847.0
32660.0,59958.0
30795.0,63840.0
30746.0,61100.0
31879.0,60106.0
33018.0,62972.0
30887.0,62360.0
31474.0,60121.0
31797.0,61321.0
30395.0,60514.0
29160.0,57565.0
30133.0,63934.0
33171.0,59359.0
28342.0,58906.0
30960.0,62047.0
30927.0,61258.0
30161.0,62149.0
29448.0,62355.0
30068.0,62245.0
32579.0,62231.0
32590.0,63313.0
28653.0,61470.0
31663.0,61270.0
33003.0,60476.0
31142.0,59600.0
27316.0,63731.0
31472.0,59250.0
31233.0,61286.0
32954.0,59101.0
28250.0,60235.0
30145.0,59447.0
30168.0,60662.0
32390.0,58431.0
30330.0,61187.0
31866.0,61099.0
29485.0,63621.0
27659.0,60100.0
29690.0,64853.0
30276.0,59599.0
31279.0,61858.0
28391.0,59730.0
31215.0,59848.0
33275.0,60563.0
30749.0,59966.0
28904.0,59191.0
27819.0,63600.0
30019.0,58071.0
31985.0,62537.0
32412.0,63477.0
27380.0,61315.0
30483.0,60444.0
28526.0,58659.0
31133.0,64758.0
32997.0,59655.0
30720.0,60651.0
31643.0,59695.0
31779.0,59328.0
31849.0,60708.0
31872.0,60703.0
29130.0,58041.0
28327.0,60138.0
30265.0,59751.0
32061.0,59778.0
29842.0,62137.0
33359.0,62329.0
29116.0,59119.0
30071.0,60466.0
29916.0,60125.0
28434.0,59636.0
29436.0,60956.0
27434.0,54958.0
25440.0,57862.0
24392.0,57589.0
26136.0,56016.0
26253.0,58899.0
24733.0,56201.0
25528.0,59581.0
25738.0,58235.0
24618.0,55531.0
26834.0,55097.0
25201.0,54565.0
25851.0,58222.0
27108.0,57491.0
28837.0,54748.0
24946.0,56824.0
25052.0,57829.0
28402.0,57647.0
25052.0,57022.0
27181.0,54919.0
28052.0,55809.0
25196.0,55203.0
26591.0,56646.0
29474.0,56798.0
27070.0,57594.0
26481.0,56658.0
24784.0,57237.0
28064.0,58174.0
27715.0,55387.0
26470.0,56078.0
23811.0,56713.0
26542.0,57297.0
27473.0,55726.0
26275.0,56590.0
25919.0,59329.0
27550.0,55740.0
28594.0,55605.0
28250.0,58482.0
27827.0,58698.0
26215.0,55199.0
27517.0,55156.0
27881.0,60061.0
27012.0,54253.0
26172.0,55215.0
26319.0,58948.0
27900.0,56990.0
28810.0,55914.0
28021.0,56815.0
27286.0,59569.0
25494.0,55960.0
25659.0,57314.0
27469.0,55207.0
26043.0,55705.0
26718.0,53997.0
27707.0,56661.0
27634.0,56842.0
27707.0,56972.0
26205.0,53325.0
26512.0,58723.0
27821.0,56672.0
25689.0,56135.0
25979.0,56888.0
26345.0,56949.0
24731.0,56832.0
25629.0,58886.0
29908.0,56769.0
25873.0,59678.0
27128.0,54407.0
27287.0,58184.0
26387.0,58854.0
26891.0,56558.0
24536.0,56381.0
28383.0,58361.0
27493.0,56974.0
28582.0,58290.0
25283.0,58667.0
26042.0,59496.0
28772.0,57273.0
25425.0,57151.0
28909.0,58542.0
26560.0,55691.0
27188.0,56510.0
26174.0,57058.0
23262.0,57537.0
26490.0,58074.0
27874.0,55221.0
24446.0,56245.0
29227.0,57928.0
26149.0,60135.0
25540.0,56691.0
25014.0,56055.0
25970.0,55621.0
28657.0,57812.0
28212.0,55783.0
25507.0,58317.0
27306.0,57368.0
27463.0,56882.0
23994.0,55242.0
24879.0,56386.0
24594.0,58438.0
28033.0,54727.0
29053.0,58326.0
26193.0,55842.0
29259.0,57100.0
27525.0,57634.0
28073.0,56257.0
26774.0,57001.0
25383.0,56911.0
25669.0,56972.0
25208.0,56211.0
27256.0,59403.0
27196.0,59444.0
27331.0,56041.0
27937.0,58138.0
28509.0,58324.0
26717.0,60264.0
27955.0,56280.0
25446.0,55704.0
26109.0,58656.0
25760.0,55776.0
28212.0,56159.0
28233.0,54684.0
26449.0,55946.0
25001.0,58362.0
26962.0,56689.0
25916.0,54106.0
28777.0,57742.0
27815.0,58195.0
25663.0,55384.0
27901.0,55860.0
25659.0,54386.0
28759.0,58288.0
25021.0,56847.0
26692.0,57000.0
27775.0,54914.0
25818.0,53650.0
25985.0,57795.0
27033.0,60004.0
27613.0,55744.0
28592.0,54269.0
25260.0,56723.0
24970.0,59023.0
23462.0,57642.0
26119.0,56817.0
29242.0,56662.0
25347.0,57105.0
26091.0,56821.0
26145.0,58505.0
26896.0,57284.0
25137.0,55409.0
27354.0,54316.0
19261.0,63453.0
20147.0,61505.0
19188.0,57789.0
19583.0,63659.0
17969.0,62228.0
21897.0,58917.0
22606.0,61448.0
19622.0,64221.0
22246.0,61319.0
20384.0,62437.0
20960.0,61852.0
21577.0,60141.0
18709.0,61578.0
18999.0,61780.0
20587.0,62383.0
19768.0,60627.0
22982.0,59562.0
19533.0,60480.0
20782.0,61636.0
19005.0,60807.0
18261.0,60547.0
21899.0,61237.0
19257.0,62118.0
18804.0,62526.0
21096.0,59815.0
20354.0,59784.0
19943.0,63108.0
19049.0,59645.0
19177.0,58865.0
19048.0,62924.0
23096.0,59668.0
21449.0,60845.0
20765.0,60709.0
21064.0,60931.0
19837.0,60753.0
18422.0,62176.0
19779.0,61803.0
19838.0,59122.0
19108.0,61782.0
21412.0,58791.0
20671.0,61282.0
18870.0,60325.0
18642.0,58455.0
19395.0,59800.0
19335.0,61410.0
19770.0,59397.0
18068.0,61918.0
21368.0,59942.0
19530.0,58199.0
20181.0,60841.0
19764.0,63838.0
18920.0,61044.0
18680.0,62674.0
19070.0,61422.0
21307.0,64529.0
19144.0,62358.0
19290.0,60747.0
19871.0,62381.0
19696.0,57420.0
19797.0,61359.0
18344.0,59637.0
20259.0,60511.0
20316.0,61803.0
22369.0,62265.0
19096.0,59674.0
20453.0,61587.0
20380.0,60733.0
16846.0,62613.0
20002.0,57292.0
19912.0,60502.0
19641.0,59926.0
19601.0,60881.0
19285.0,60802.0
21062.0,61940.0
20568.0,59655.0
20338.0,62938.0
21393.0,62630.0
19272.0,60480.0
20007.0,61561.0
20784.0,60935.0
19038.0,60983.0
17653.0,62598.0
18996.0,59942.0
19506.0,63413.0
19294.0,57629.0
19154.0,62093.0
18934.0,63661.0
20737.0,61019.0
20490.0,62450.0
18960.0,62751.0
22403.0,62224.0
20378.0,62549.0
18929.0,59621.0
20252.0,61749.0
19309.0,61793.0
16591.0,60560.0
19015.0,62840.0
17643.0,60949.0
18426.0,62525.0
20294.0,61802.0
20151.0,62252.0
18502.0,63614.0
18015.0,60258.0
19545.0,60834.0
21792.0,62240.0
19942.0,59731.0
20535.0,59462.0
20768.0,63354.0
18347.0,59545.0
19276.0,62396.0
18781.0,60559.0
20515.0,61410.0
19925.0,58496.0
21944.0,60190.0
21072.0,63597.0
19964.0,60809.0
20709.0,63801.0
18101.0,59879.0
20971.0,58909.0
22489.0,59259.0
18892.0,60475.0
22071.0,61236.0
20481.0,60914.0
20438.0,59851.0
19803.0,60968.0
20257.0,61196.0
19242.0,61797.0
18406.0,58116.0
20868.0,59488.0
17152.0,59537.0
19680.0,62580.0
19930.0,60962.0
20911.0,63782.0
18513.0,61092.0
21616.0,62776.0
21783.0,61970.0
20687.0,60667.0
18989.0,60037.0
19871.0,62312.0
17818.0,62484.0
20526.0,61492.0
20561.0,61164.0
21231.0,59423.0
18961.0,60872.0
20211.0,60986.0
21615.0,61597.0
19972.0,62712.0
19606.0,62894.0
19063.0,62295.0
20217.0,63442.0
19143.0,53284.0
17326.0,51720.0
16296.0,54087.0
16286.0,54449.0
20417.0,56568.0
16111.0,53619.0
15846.0,56000.0
19105.0,52235.0
19655.0,54785.0
16638.0,53423.0
16223.0,56656.0
16166.0,53836.0
16738.0,54689.0
17753.0,52609.0
18846.0,53892.0
15101.0,50950.0
16371.0,54091.0
19680.0,54296.0
17314.0,54956.0
19294.0,52649.0
20358.0,53540.0
18491.0,57638.0
17300.0,51911.0
13909.0,53337.0
16250.0,56716.0
16803.0,53706.0
17777.0,51711.0
17494.0,56321.0
17023.0,52554.0
18480.0,54137.0
17989.0,54877.0
14909.0,52137.0
16271.0,55503.0
15579.0,54275.0
17775.0,55776.0
17573.0,56376.0
14562.0,54344.0
16017.0,52583.0
17725.0,53549.0
17782.0,57990.0
18273.0,55960.0
16798.0,54135.0
16402.0,54427.0
17604.0,57415.0
15159.0,52909.0
17093.0,56620.0
14665.0,53393.0
16840.0,56442.0
15944.0,52902.0
15383.0,53914.0
19752.0,54971.0
17200.0,52488.0
16393.0,55068.0
17783.0,51416.0
15985.0,51728.0
16315.0,54450.0
16104.0,56565.0
17658.0,52827.0
16905.0,55169.0
18617.0,55656.0
16219.0,53637.0
17610.0,58180.0
17395.0,54596.0
17136.0,53618.0
16675.0,50940.0
19876.0,54521.0
18453.0,56324.0
17211.0,52619.0
20832.0,53051.0
17426.0,55344.0
18261.0,53072.0
16398.0,54369.0
18211.0,53160.0
16394.0,57589.0
20680.0,56180.0
16527.0,53323.0
17108.0,54515.0
15165.0,54667.0
16265.0,53570.0
16364.0,55389.0
16595.0,52653.0
14197.0,54364.0
16746.0,55228.0
14365.0,55602.0
17741.0,55439.0
14590.0,55330.0
15981.0,55498.0
17050.0,55534.0
17805.0,55269.0
19018.0,53560.0
14927.0,54599.0
17892.0,53512.0
15779.0,56775.0
16612.0,53816.0
18536.0,55169.0
16108.0,54076.0
14127.0,53882.0
18780.0,55399.0
17650.0,54611.0
16732.0,52426.0
17318.0,55292.0
18541.0,55919.0
16938.0,55514.0
15396.0,53105.0
17508.0,55488.0
17431.0,54420.0
16714.0,55948.0
17403.0,56861.0
18068.0,54386.0
14683.0,54085.0
17898.0,55100.0
17206.0,53687.0
17583.0,57472.0
17075.0,54403.0
16780.0,53847.0
15915.0,55154.0
19939.0,54424.0
14995.0,55889.0
16928.0,56318.0
16097.0,56428.0
15133.0,52003.0
15860.0,57599.0
18488.0,56212.0
17423.0,55459.0
16507.0,54347.0
17751.0,53859.0
16898.0,54827.0
16932.0,55866.0
19892.0,54860.0
16278.0,52466.0
16719.0,55585.0
17800.0,53918.0
18378.0,56011.0
13907.0,54576.0
17044.0,55877.0
15476.0,55040.0
17358.0,55280.0
18717.0,52598.0
17547.0,55041.0
17304.0,54119.0
19798.0,52845.0
16116.0,54683.0
14980.0,53904.0
16067.0,56094.0
16546.0,54778.0
16137.0,57399.0
17141.0,54202.0
17786.0,55157.0
16714.0,51438.0
14737.0,55071.0
11897.0,49856.0
8604.0,49746.0
10766.0,51585.0
12389.0,49818.0
8766.0,51369.0
11798.0,53052.0
10834.0,51147.0
9549.0,50996.0
10321.0,50691.0
10565.0,51704.0
11845.0,51491.0
11060.0,50234.0
10171.0,48859.0
10919.0,50525.0
11480.0,50604.0
12475.0,49220.0
7385.0,51656.0
11437.0,51406.0
10670.0,49260.0
8654.0,50049.0
9927.0,51309.0
11022.0,50515.0
10633.0,50511.0
11096.0,50971.0
8723.0,52304.0
12851.0,51373.0
11786.0,51096.0
11239.0,52647.0
9454.0,51165.0
8982.0,51774.0
12236.0,51043.0
9741.0,50089.0
11398.0,47759.0
9862.0,53085.0
12114.0,49993.0
9243.0,53664.0
11639.0,50146.0
9706.0,48399.0
10229.0,53155.0
10935.0,51458.0
11745.0,50495.0
13063.0,51433.0
11225.0,51892.0
10680.0,51164.0
11263.0,48928.0
8633.0,49581.0
12697.0,52216.0
9171.0,50386.0
8066.0,52133.0
10401.0,53090.0
12416.0,51460.0
10794.0,50115.0
10580.0,51553.0
11365.0,50973.0
9763.0,50495.0
9416.0,50770.0
7934.0,48544.0
10806.0,48952.0
10904.0,51342.0
9657.0,52423.0
12791.0,50426.0
8842.0,50261.0
11640.0,50257.0
11450.0,52510.0
10480.0,51773.0
11020.0,49726.0
8705.0,49365.0
8276.0,48524.0
10859.0,51248.0
6798.0,51275.0
9359.0,51444.0
8524.0,52422.0
8506.0,50665.0
7906.0,50299.0
9247.0,50471.0
11773.0,50161.0
8730.0,51510.0
8422.0,52679.0
13020.0,50329.0
10991.0,48211.0
11536.0,49673.0
11062.0,50068.0
10653.0,51048.0
8444.0,50174.0
11876.0,50023.0
11611.0,48473.0
9327.0,52012.0
10749.0,51406.0
10026.0,52647.0
10579.0,49821.0
13981.0,49623.0
10579.0,50729.0
9390.0,51106.0
12594.0,52133.0
9198.0,50826.0
11435.0,50996.0
12436.0,48816.0
9815.0,51501.0
11037.0,50777.0
8869.0,51886.0
9744.0,50911.0
10333.0,50182.0
10622.0,52334.0
7739.0,49873.0
12376.0,48666.0
12199.0,50485.0
13144.0,49604.0
8524.0,50708.0
11095.0,51738.0
9592.0,50262.0
10879.0,49512.0
11130.0,49369.0
10337.0,49890.0
9895.0,50510.0
9703.0,51958.0
7720.0,51431.0
9481.0,49546.0
7484.0,52113.0
8583.0,49768.0
6951.0,51758.0
10191.0,49243.0
11820.0,50017.0
7445.0,50769.0
10764.0,52080.0
10444.0,50923.0
9616.0,52793.0
13482.0,49941.0
11149.0,51188.0
11076.0,53717.0
11109.0,49944.0
10704.0,51371.0
9443.0,52075.0
8868.0,52990.0
10757.0,51325.0
11396.0,53232.0
10048.0,52277.0
10606.0,53363.0
9657.0,50553.0
10058.0,49889.0
9324.0,49714.0
9816.0,55272.0
11888.0,48809.0
9837.0,50011.0
11269.0,48664.0
9836.0,52030.0
10577.0,51583.0
6885.0,51244.0
11023.0,49802.0
10839.0,50455.0
10013.0,50471.0
3364.0,56093.0
5522.0,54143.0
4557.0,54902.0
4140.0,54842.0
4927.0,52701.0
5607.0,54784.0
4864.0,55680.0
5617.0,55660.0
5366.0,53856.0
6727.0,54732.0
2968.0,54214.0
5388.0,53392.0
7034.0,50514.0
4207.0,53376.0
3110.0,55381.0
3991.0,55631.0
3589.0,53393.0
1756.0,54502.0
6577.0,53657.0
6675.0,54728.0
5984.0,55785.0
3520.0,55818.0
3375.0,53677.0
6947.0,52316.0
2677.0,54186.0
3465.0,54037.0
4750.0,55207.0
4977.0,51710.0
2847.0,54305.0
5988.0,53574.0
4362.0,53432.0
5003.0,52684.0
4715.0,54506.0
4759.0,57743.0
5027.0,55655.0
7431.0,50756.0
3849.0,54348.0
2248.0,53985.0
5088.0,52898.0
2916.0,54180.0
4382.0,53067.0
3581.0,58080.0
2707.0,55155.0
4962.0,56531.0
2326.0,53879.0
4410.0,54098.0
2875.0,55177.0
5539.0,55039.0
2796.0,57052.0
7335.0,54395.0
5489.0,52708.0
4492.0,56754.0
2056.0,56061.0
6689.0,53870.0
5902.0,53527.0
5359.0,54762.0
7002.0,54536.0
6570.0,55309.0
5909.0,54502.0
4118.0,53600.0
4081.0,56221.0
3662.0,53763.0
4418.0,56325.0
4995.0,57057.0
7625.0,54059.0
5729.0,53643.0
5509.0,54479.0
2512.0,53861.0
5781.0,54701.0
3499.0,55206.0
4780.0,56332.0
6726.0,55910.0
4567.0,55033.0
3933.0,54316.0
4329.0,53012.0
6046.0,55497.0
5418.0,54124.0
5759.0,55028.0
5970.0,54618.0
5664.0,54114.0
6835.0,55281.0
5026.0,55207.0
4332.0,56121.0
6236.0,54262.0
4946.0,55080.0
4356.0,55423.0
5755.0,53627.0
4231.0,53432.0
4453.0,53923.0
5516.0,56043.0
5268.0,56645.0
4567.0,55451.0
3441.0,55616.0
4911.0,53538.0
6503.0,53356.0
3746.0,53927.0
4245.0,55965.0
4413.0,54165.0
4159.0,54035.0
4115.0,53150.0
6251.0,55245.0
5389.0,54870.0
6666.0,54030.0
2575.0,54211.0
4749.0,55593.0
2996.0,55489.0
3594.0,53609.0
5764.0,53896.0
5192.0,52602.0
0.0,54499.0
7700.0,54988.0
5770.0,53331.0
4235.0,54556.0
4731.0,54238.0
4877.0,55291.0
4023.0,57278.0
3874.0,55784.0
5255.0,52393.0
6228.0,55206.0
5618.0,54536.0
2659.0,55959.0
4084.0,54843.0
4524.0,56226.0
4061.0,54024.0
3597.0,52748.0
6267.0,57098.0
3944.0,55580.0
2596.0,56386.0
6210.0,54578.0
4785.0,54895.0
5536.0,54428.0
5945.0,52615.0
4028.0,55483.0
4222.0,57392.0
5088.0,53006.0
5378.0,55302.0
6635.0,57985.0
6044.0,55199.0
3305.0,55031.0
5133.0,53898.0
4636.0,57162.0
5065.0,57069.0
4260.0,54579.0
4761.0,54969.0
4711.0,53314.0
6752.0,54903.0
6702.0,54483.0
4405.0,54784.0
7579.0,54208.0
3600.0,53791.0
10256.0,60907.0
8676.0,57719.0
9383.0,61340.0
10156.0,60841.0
8627.0,63762.0
12376.0,62842.0
12048.0,59831.0
10279.0,57681.0
11465.0,61289.0
9589.0,60754.0
8002.0,60609.0
10364.0,61512.0
12948.0,60162.0
12277.0,61976.0
8576.0,60303.0
12546.0,60499.0
7951.0,59432.0
9986.0,60034.0
10939.0,58346.0
9893.0,59586.0
12095.0,64166.0
6646.0,63005.0
11091.0,61195.0
10950.0,57600.0
10930.0,60322.0
11468.0,61950.0
8554.0,60761.0
10663.0,59125.0
9431.0,62300.0
9966.0,59064.0
6693.0,60430.0
12090.0,59869.0
10936.0,61184.0
12124.0,60279.0
11187.0,58843.0
8710.0,58937.0
10102.0,60364.0
10616.0,60683.0
11579.0,58617.0
8521.0,59545.0
12110.0,59455.0
9117.0,60001.0
14665.0,60436.0
8431.0,61105.0
11971.0,59851.0
12613.0,59379.0
10372.0,57097.0
11306.0,60035.0
10198.0,58488.0
11721.0,61075.0
10690.0,61867.0
11511.0,62215.0
8638.0,60548.0
9347.0,61512.0
8446.0,60600.0
10530.0,56564.0
10726.0,60737.0
10334.0,60937.0
11226.0,57861.0
10802.0,56031.0
12622.0,58547.0
10938.0,62519.0
11210.0,58343.0
13252.0,62021.0
12559.0,59819.0
8908.0,59029.0
12930.0,62857.0
10570.0,63000.0
8778.0,63637.0
13836.0,60414.0
8240.0,60831.0
10210.0,58723.0
12347.0,61746.0
10963.0,57947.0
10824.0,61369.0
9766.0,58973.0
9432.0,61396.0
11631.0,59714.0
10722.0,61544.0
11103.0,60003.0
12424.0,58655.0
11681.0,59832.0
13039.0,61888.0
9932.0,59316.0
11412.0,64537.0
10853.0,62937.0
9972.0,60044.0
11616.0,60575.0
10434.0,61086.0
10993.0,59910.0
9534.0,61767.0
12150.0,59180.0
9933.0,59269.0
13206.0,62465.0
7821.0,61712.0
10844.0,63287.0
13096.0,62112.0
12171.0,61128.0
13063.0,59700.0
10031.0,61025.0
12335.0,58115.0
11878.0,60429.0
10390.0,61299.0
10336.0,60916.0
8238.0,58683.0
13779.0,60968.0
13348.0,60275.0
11955.0,59006.0
8673.0,62255.0
12822.0,62138.0
8471.0,61739.0
9954.0,60705.0
11436.0,59452.0
12430.0,62195.0
10457.0,61257.0
9639.0,62038.0
11068.0,58255.0
9730.0,63026.0
9817.0,60728.0
8339.0,61080.0
10669.0,61473.0
10438.0,63245.0
9520.0,60139.0
8957.0,61191.0
11134.0,60627.0
12965.0,61972.0
9210.0,59309.0
9829.0,61696.0
10746.0,62172.0
10595.0,61783.0
8280.0,57997.0
7644.0,61816.0
11776.0,61448.0
13598.0,63186.0
9058.0,60416.0
10200.0,62166.0
10536.0,62434.0
11719.0,61142.0
9996.0,61355.0
11775.0,61142.0
9033.0,63414.0
9287.0,62954.0
9049.0,59370.0
10457.0,58942.0
9647.0,59886.0
8754.0,61242.0
11165.0,59822.0
8828.0,59102.0
8879.0,59244.0
10002.0,61399.0
